{
  "list": [
    {
      "name": "Default",
      "global_config": {
        "static": {
          "props": {
            "colors": {
              "primary_color": "#7043f7",
              "secondary_color": "#02d1cb",
              "accent_color": "#FFFFFF",
              "link_color": "#7043f7",
              "button_secondary_color": "#000000",
              "bg_color": "#F8F8F8"
            },
            "auth": {
              "show_header_auth": true,
              "show_footer_auth": true
            },
            "palette": {
              "general_setting": {
                "theme": {
                  "page_background": "#FFFFFF",
                  "theme_accent": "#ABC9F6"
                },
                "text": {
                  "text_heading": "#0E0E0E",
                  "text_body": "#272727",
                  "text_label": "#383838",
                  "text_secondary": "#605E5E"
                },
                "button": {
                  "button_primary": "#0E0E0E",
                  "button_secondary": "#FFFFFF",
                  "button_link": "#0E0E0E"
                },
                "sale_discount": {
                  "sale_badge_background": "#E9F7E9",
                  "sale_badge_text": "#135610",
                  "sale_discount_text": "#008000",
                  "sale_timer": "#DD1E1E"
                },
                "header": {
                  "header_background": "#FFFFFF",
                  "header_nav": "#383838",
                  "header_icon": "#c1c0c1"
                },
                "footer": {
                  "footer_background": "#DFE5FF",
                  "footer_bottom_background": "#3D6FBF",
                  "footer_heading_text": "#0E0E0E",
                  "footer_body_text": "#272727",
                  "footer_icon": "#383838"
                }
              },
              "advance_setting": {
                "overlay_popup": {
                  "dialog_backgroung": "#ffffff",
                  "overlay": "#000000"
                },
                "divider_stroke_highlight": {
                  "divider_strokes": "#E4E4E4",
                  "highlight": "#F0F0F0"
                },
                "user_alerts": {
                  "success_background": "#E9F7E9",
                  "success_text": "#135610",
                  "error_background": "#FEE6EA",
                  "error_text": "#660014",
                  "info_background": "#FEF0E7",
                  "info_text": "#F06D0F"
                }
              }
            },
            "extension": {
              "header_top": [],
              "header_bottom": [],
              "footer_top": [],
              "footer_bottom": []
            },
            "bindings": {
              "header_top": [],
              "header_bottom": [],
              "footer_top": [],
              "footer_bottom": []
            },
            "order_tracking": {
              "show_header": true,
              "show_footer": true
            },
            "manifest": {
              "active": true,
              "name": "",
              "description": "",
              "icons": [],
              "install_desktop": false,
              "install_mobile": false,
              "button_text": "",
              "screenshots": [],
              "shortcuts": []
            }
          }
        },
        "custom": {
          "props": {
            "menu_layout_desktop": "layout_3",
            "logo": "https://cdn.fynd.com/v2/falling-surf-7c8bb8/fyprod/wrkr/company/1076/applications/687f311ed5f36b2821fa25cd/theme/pictures/free/original/theme-image-1754279824053.png",
            "logo_width": 774,
            "logo_menu_alignment": "layout_3",
            "header_layout": "double",
            "font_header": {
              "variants": {
                "light": {
                  "name": "300",
                  "file": "https://fonts.gstatic.com/s/redhatdisplay/v20/8vIf7wUr0m80wwYf0QCXZzYzUoTK8RZQvRd-D1NYbjKWck05-Xecg3w.woff2"
                },
                "regular": {
                  "name": "regular",
                  "file": "https://fonts.gstatic.com/s/redhatdisplay/v20/8vIf7wUr0m80wwYf0QCXZzYzUoTK8RZQvRd-D1NYbmyWck05-Xecg3w.woff2"
                },
                "medium": {
                  "name": "500",
                  "file": "https://fonts.gstatic.com/s/redhatdisplay/v20/8vIf7wUr0m80wwYf0QCXZzYzUoTK8RZQvRd-D1NYbl6Wck05-Xecg3w.woff2"
                },
                "semi_bold": {
                  "name": "600",
                  "file": "https://fonts.gstatic.com/s/redhatdisplay/v20/8vIf7wUr0m80wwYf0QCXZzYzUoTK8RZQvRd-D1NYbrKRck05-Xecg3w.woff2"
                },
                "bold": {
                  "name": "700",
                  "file": "https://fonts.gstatic.com/s/redhatdisplay/v20/8vIf7wUr0m80wwYf0QCXZzYzUoTK8RZQvRd-D1NYbouRck05-Xecg3w.woff2"
                }
              },
              "family": "Red Hat Display"
            },
            "font_body": {
              "variants": {
                "light": {
                  "name": "300",
                  "file": "https://fonts.gstatic.com/s/inter/v18/UcCO3FwrK3iLTeHuS_nVMrMxCp50SjIw2boKoduKmMEVuOKfMZ1rib2Bg-4.woff2"
                },
                "regular": {
                  "name": "regular",
                  "file": "https://fonts.gstatic.com/s/inter/v18/UcCO3FwrK3iLTeHuS_nVMrMxCp50SjIw2boKoduKmMEVuLyfMZ1rib2Bg-4.woff2"
                },
                "medium": {
                  "name": "500",
                  "file": "https://fonts.gstatic.com/s/inter/v18/UcCO3FwrK3iLTeHuS_nVMrMxCp50SjIw2boKoduKmMEVuI6fMZ1rib2Bg-4.woff2"
                },
                "semi_bold": {
                  "name": "600",
                  "file": "https://fonts.gstatic.com/s/inter/v18/UcCO3FwrK3iLTeHuS_nVMrMxCp50SjIw2boKoduKmMEVuGKYMZ1rib2Bg-4.woff2"
                },
                "bold": {
                  "name": "700",
                  "file": "https://fonts.gstatic.com/s/inter/v18/UcCO3FwrK3iLTeHuS_nVMrMxCp50SjIw2boKoduKmMEVuFuYMZ1rib2Bg-4.woff2"
                }
              },
              "family": "Inter"
            },
            "button_border_radius": 11,
            "product_img_width": "300",
            "product_img_height": "1000",
            "image_border_radius": 12,
            "img_container_bg": "#EAEAEA",
            "payments_logo": "",
            "button_options": "none",
            "show_price": true,
            "img_fill": true,
            "disable_cart": true,
            "is_delivery_minutes": false,
            "is_delivery_day": true,
            "is_hyperlocal": false,
            "footer_description": "",
            "footer_image": true,
            "footer_image_desktop": "https://cdn.fynd.com/v2/falling-surf-7c8bb8/fyprod/wrkr/company/1076/applications/687f311ed5f36b2821fa25cd/theme/pictures/free/original/theme-image-1754279914288.png",
            "footer_image_mobile": "https://cdn.fynd.com/v2/falling-surf-7c8bb8/fyprod/wrkr/company/1076/applications/687f311ed5f36b2821fa25cd/theme/pictures/free/original/theme-image-1754279914288.png",
            "header_mega_menu": true,
            "header_mega_menu_fullwidth": true,
            "footer_logo_max_height_mobile": 43,
            "footer_logo_max_height_desktop": 44,
            "always_on_search": true,
            "header_border": false,
            "transparent_header": false,
            "is_mandatory_pincode": false,
            "nav_weight": "regular",
            "header_ticker_text": "<a href=\"/sections/lens-catalogue\">Find Your Lens – Clarity. Comfort. Confidence.</a>, <a href=\"/sections/book-an-eye-test\"> Free Eye Test – Book your free check-up today.</a>",
            "mobile_logo_max_height_header": 30,
            "mobile_sidebar_logo": "https://cdn.fynd.com/v2/falling-surf-7c8bb8/fyprod/wrkr/company/1076/applications/687f311ed5f36b2821fa25cd/theme/pictures/free/original/theme-image-1754991595580.png",
            "algolia_enabled": false
          }
        }
      },
      "page": [
        {
          "page": "product-description",
          "settings": {
            "props": {
              "reviews": false,
              "add_to_compare": true,
              "product_request": false,
              "store_selection": true,
              "compare_products": false,
              "variants": true,
              "ratings": false,
              "similar_products": true,
              "bulk_prices": false,
              "badge_url_1": "",
              "badge_url_2": "",
              "badge_url_3": "",
              "badge_url_4": "",
              "badge_url_5": "",
              "show_products_breadcrumb": true,
              "show_category_breadcrumb": true,
              "show_brand_breadcrumb": true,
              "mrp_label": true,
              "tax_label": "Price inclusive of all tax",
              "item_code": true,
              "product_details_bullets": true,
              "enable_buy_now": true,
              "show_size_guide": true,
              "show_offers": true,
              "hide_single_size": false,
              "badge_logo_1": "",
              "badge_label_1": "",
              "badge_label_2": "",
              "badge_label_3": "",
              "badge_label_4": "",
              "badge_label_5": "",
              "badge_logo_5": "",
              "badge_logo_3": "",
              "size_selection_style": "dropdown",
              "variant_position": "accordion",
              "mandatory_pincode": true,
              "preselect_size": true,
              "badge_logo_4": "",
              "badge_logo_2": "",
              "show_seller": true,
              "return": true,
              "seller_store_selection": false
            }
          }
        },
        {
          "page": "cart-landing",
          "settings": {
            "props": {
              "show_info_message": true,
              "gst": false,
              "staff_selection": true,
              "enable_customer": false,
              "enable_guest": false
            }
          }
        },
        {
          "page": "brands",
          "settings": {
            "props": {
              "title": "",
              "description": "",
              "logo_only": false,
              "infinite_scroll": true,
              "back_top": true
            }
          }
        },
        {
          "page": "product-listing",
          "settings": {
            "props": {
              "hide_brand": false,
              "infinite_scroll": false,
              "product_number": true,
              "loading_options": "pagination",
              "back_top": true,
              "in_new_tab": false,
              "grid_desktop": "4",
              "grid_tablet": "3",
              "grid_mob": "2",
              "description": "",
              "banner_link": "",
              "show_add_to_cart": true
            }
          }
        },
        {
          "page": "collection-listing",
          "settings": {
            "props": {
              "product_number": true,
              "loading_options": "pagination",
              "back_top": true,
              "in_new_tab": true,
              "hide_brand": false,
              "grid_desktop": "4",
              "grid_tablet": "3",
              "grid_mob": "2"
            }
          }
        },
        {
          "page": "categories",
          "settings": {
            "props": {
              "heading": "",
              "description": "",
              "back_top": true
            }
          }
        },
        {
          "page": "home",
          "settings": {
            "props": {
              "code": ""
            }
          }
        },
        {
          "page": "login",
          "settings": {
            "props": {
              "image_banner": "",
              "image_layout": "no_banner"
            }
          }
        },
        {
          "page": "collections",
          "settings": {
            "props": {
              "title": "",
              "description": "",
              "infinite_scroll": true,
              "back_top": true
            }
          }
        },
        {
          "page": "blog",
          "settings": {
            "props": {
              "button_link": "",
              "show_blog_slide_show": true,
              "btn_text": "Read More",
              "show_tags": true,
              "show_search": true,
              "show_recent_blog": true,
              "show_top_blog": true,
              "show_filters": true,
              "loading_options": "pagination",
              "title": "The Unparalleled Shopping Experience",
              "description": "Everything you need for that ultimate stylish wardrobe, Fynd has got it!",
              "button_text": "Shop Now"
            }
          }
        },
        {
          "page": "contact-us",
          "settings": {
            "props": {
              "align_image": "right",
              "align_description": "below_header",
              "show_address": true,
              "show_phone": true,
              "show_email": true,
              "show_icons": true,
              "show_working_hours": true,
              "show_description": true
            }
          }
        }
      ]
    }
  ],
  "current": "Default",
  "preset": {
    "pages": [
      {
        "sections": [
          {
            "label": "Hero Image",
            "name": "hero-image",
            "predicate": {
              "route": {
                "exact_url": "",
                "query": null,
                "selected": "none"
              },
              "screen": {
                "desktop": true,
                "mobile": true,
                "tablet": true
              },
              "user": {
                "anonymous": true,
                "authenticated": true
              }
            },
            "props": {
              "heading": {
                "type": "text",
                "value": "Where your ideas begin to bloom"
              },
              "description": {
                "type": "text",
                "value": "In this enchanted greenhouse, every seed you plant becomes a story. Start building a website that grows with you—bright, bold, and full of life."
              },
              "overlay_option": {
                "value": "no_overlay",
                "type": "select"
              },
              "button_text": {
                "type": "text",
                "value": "SHOP NOW"
              },
              "button_link": {
                "type": "url",
                "value": "/products"
              },
              "invert_button_color": {
                "type": "checkbox",
                "value": false
              },
              "desktop_banner": {
                "type": "image_picker",
                "value": ""
              },
              "text_placement_desktop": {
                "type": "select",
                "value": "top_center"
              },
              "text_alignment_desktop": {
                "type": "select",
                "value": "center"
              },
              "mobile_banner": {
                "type": "image_picker",
                "value": ""
              },
              "text_placement_mobile": {
                "value": "top_center",
                "type": "select"
              },
              "text_alignment_mobile": {
                "value": "center",
                "type": "select"
              }
            },
            "blocks": [],
            "preset": {}
          },
          {
            "label": "Featured Collection",
            "name": "featured-collection",
            "predicate": {
              "route": {
                "exact_url": "",
                "query": null,
                "selected": "none"
              },
              "screen": {
                "desktop": true,
                "mobile": true,
                "tablet": true
              },
              "user": {
                "anonymous": true,
                "authenticated": true
              }
            },
            "props": {
              "heading": {
                "type": "text",
                "value": "Everything you need to grow"
              },
              "description": {
                "type": "text",
                "value": "This is where your star products shine. Add your most-loved, top-selling, or newest arrivals to help customers fall in love at first scroll. Think of it as your shop window—make it count."
              },
              "button_text": {
                "type": "text",
                "value": ""
              },
              "img_fill": {
                "type": "checkbox",
                "value": true
              },
              "desktop_layout": {
                "type": "select",
                "value": "horizontal"
              },
              "mobile_layout": {
                "type": "select",
                "value": "grid"
              },
              "item_count": {
                "type": "range",
                "value": 4
              },
              "item_count_mobile": {
                "type": "range",
                "value": 1
              }
            },
            "blocks": [],
            "preset": {}
          },
          {
            "label": "Image Slideshow",
            "name": "image-slideshow",
            "predicate": {
              "route": {
                "exact_url": "",
                "query": null,
                "selected": "none"
              },
              "screen": {
                "desktop": true,
                "mobile": true,
                "tablet": true
              },
              "user": {
                "anonymous": true,
                "authenticated": true
              }
            },
            "props": {
              "autoplay": {
                "type": "checkbox",
                "value": true
              },
              "slide_interval": {
                "type": "range",
                "value": 3
              },
              "padding_top": {
                "type": "range",
                "value": 0
              },
              "padding_bottom": {
                "type": "range",
                "value": 16
              },
              "open_in_new_tab": {
                "type": "checkbox",
                "value": false
              }
            },
            "blocks": [
              {
                "name": "Image card",
                "type": "gallery",
                "props": {
                  "image": {
                    "type": "image_picker",
                    "value": ""
                  },
                  "mobile_image": {
                    "type": "image_picker",
                    "value": ""
                  },
                  "redirect_link": {
                    "type": "url",
                    "value": ""
                  }
                }
              },
              {
                "name": "Image card",
                "type": "gallery",
                "props": {
                  "image": {
                    "type": "image_picker",
                    "value": ""
                  },
                  "mobile_image": {
                    "type": "image_picker",
                    "value": ""
                  },
                  "redirect_link": {
                    "type": "url",
                    "value": ""
                  }
                }
              }
            ],
            "preset": {
              "blocks": []
            }
          },
          {
            "label": "Media with Text",
            "name": "media-with-text",
            "predicate": {
              "route": {
                "exact_url": "",
                "query": null,
                "selected": "none"
              },
              "screen": {
                "desktop": true,
                "mobile": true,
                "tablet": true
              },
              "user": {
                "anonymous": true,
                "authenticated": true
              }
            },
            "props": {
              "image_desktop": {
                "type": "image_picker",
                "value": ""
              },
              "image_mobile": {
                "type": "image_picker",
                "value": ""
              },
              "text_alignment": {
                "type": "select",
                "value": "center_left"
              },
              "text_alignment_mobile": {
                "type": "select",
                "value": "center"
              },
              "title": {
                "type": "text",
                "value": "The Wheel Barrow"
              },
              "description": {
                "type": "textarea",
                "value": "Strong, steady, and built to carry the load—this website builder is your wheelbarrow in the garden of commerce. Whether you're just starting out or growing something big, it helps you gather, arrange, and present your best with ease."
              },
              "button_text": {
                "type": "text",
                "value": "Shop all"
              },
              "align_text_desktop": {
                "type": "checkbox",
                "value": false
              }
            },
            "blocks": [
              {
                "type": "hotspot_desktop",
                "name": "Hotspot Desktop",
                "props": {
                  "y_position": {
                    "type": "range",
                    "value": 48
                  },
                  "x_position": {
                    "type": "range",
                    "value": 64
                  },
                  "product": {
                    "type": "product",
                    "value": ""
                  }
                }
              },
              {
                "type": "hotspot_mobile",
                "name": "Hotspot Mobile",
                "props": {
                  "y_position": {
                    "type": "range",
                    "value": 71
                  },
                  "x_position": {
                    "type": "range",
                    "value": 61
                  },
                  "product": {
                    "type": "product",
                    "value": ""
                  }
                }
              }
            ],
            "preset": {}
          },
          {
            "label": "Testimonial",
            "name": "testimonials",
            "predicate": {
              "route": {
                "exact_url": "",
                "query": null,
                "selected": "none"
              },
              "screen": {
                "desktop": true,
                "mobile": true,
                "tablet": true
              },
              "user": {
                "anonymous": true,
                "authenticated": true
              }
            },
            "props": {
              "title": {
                "value": "Tended with Love. Trusted by Many.",
                "type": "text"
              },
              "autoplay": {
                "value": false,
                "type": "checkbox"
              },
              "slide_interval": {
                "value": 2,
                "type": "range"
              }
            },
            "blocks": [
              {
                "type": "testimonial",
                "name": "Testimonial",
                "props": {
                  "author_image": {
                    "type": "image_picker",
                    "value": ""
                  },
                  "author_testimonial": {
                    "type": "textarea",
                    "value": "I never felt overwhelmed, even when I was just starting out. The way everything is laid out—the templates, the guidance, the flow—it just made sense. I could focus on what mattered most: telling my story and connecting with customers. The site I built doesn't just function well, it feels like a reflection of me."
                  },
                  "author_name": {
                    "type": "text",
                    "value": "Albert Flores"
                  },
                  "author_description": {
                    "type": "text",
                    "value": "Small business owner"
                  }
                }
              },
              {
                "type": "testimonial",
                "name": "Testimonial",
                "props": {
                  "author_image": {
                    "type": "image_picker",
                    "value": ""
                  },
                  "author_testimonial": {
                    "type": "textarea",
                    "value": "What stood out the most was how human the whole experience felt. I wasn’t just dragging blocks or choosing fonts—I was setting up a space that felt personal, welcoming, and mine. This builder feels like it understands the rhythm of small businesses. It took away the pressure and left behind joy.”"
                  },
                  "author_name": {
                    "type": "text",
                    "value": "Priya Mehra"
                  },
                  "author_description": {
                    "type": "text",
                    "value": "Ceramic artist"
                  }
                }
              },
              {
                "type": "testimonial",
                "name": "Testimonial",
                "props": {
                  "author_image": {
                    "type": "image_picker",
                    "value": ""
                  },
                  "author_testimonial": {
                    "type": "textarea",
                    "value": "I started with a vague idea and a notebook full of dreams. Bloom gave me the space—and the tools—to bring it all to life. The builder is so intuitive, I didn’t feel like I was designing a website, I felt like I was crafting a story. Everything from uploading my products to customizing colors felt natural, almost meditative."
                  },
                  "author_name": {
                    "type": "text",
                    "value": "Amina Yusuf"
                  },
                  "author_description": {
                    "type": "text",
                    "value": "Homegrown Skincare Brand"
                  }
                }
              }
            ],
            "preset": {
              "blocks": [
                {
                  "name": "Testimonial",
                  "props": {
                    "author_image": {
                      "type": "image_picker",
                      "value": ""
                    },
                    "author_testimonial": {
                      "type": "textarea",
                      "value": "Thank you for the excellent sales support and for contributing to a more humane and sustainable world. The products are of great quality, and it's wonderful to support a brand that cares about ethics and sustainability."
                    },
                    "author_name": {
                      "type": "text",
                      "value": "Mark A"
                    },
                    "author_description": {
                      "type": "text",
                      "value": "Los Angeles, CA"
                    }
                  }
                },
                {
                  "name": "Testimonial",
                  "props": {
                    "author_image": {
                      "type": "image_picker",
                      "value": ""
                    },
                    "author_testimonial": {
                      "type": "textarea",
                      "value": "Thank you for the excellent sales support and for contributing to a more humane and sustainable world. The products are of great quality, and it's wonderful to support a brand that cares about ethics and sustainability."
                    },
                    "author_name": {
                      "type": "text",
                      "value": "Mark A"
                    },
                    "author_description": {
                      "type": "text",
                      "value": "Los Angeles, CA"
                    }
                  }
                }
              ]
            }
          }
        ],
        "value": "home"
      },
      {
        "sections": [
          {
            "blocks": [
              {
                "type": "product_name",
                "name": "Product Name",
                "props": {
                  "show_brand": {
                    "type": "checkbox",
                    "value": true
                  }
                }
              },
              {
                "type": "product_price",
                "name": "Product Price",
                "props": {
                  "mrp_label": {
                    "type": "checkbox",
                    "value": true
                  }
                }
              },
              {
                "type": "product_tax_label",
                "name": "Product Tax Label",
                "props": {
                  "tax_label": {
                    "type": "text",
                    "label": "Price tax label text",
                    "value": "Price inclusive of all tax"
                  }
                }
              },
              {
                "type": "short_description",
                "name": "Short Description",
                "props": {}
              },
              {
                "type": "seller_details",
                "name": "Seller Details",
                "props": {
                  "show_seller": {
                    "type": "checkbox",
                    "label": "Show Seller",
                    "value": true
                  }
                }
              },
              {
                "type": "size_guide",
                "name": "Size Guide",
                "props": {}
              },
              {
                "type": "size_wrapper",
                "name": "Size Container with Action Buttons",
                "props": {
                  "hide_single_size": {
                    "type": "checkbox",
                    "value": false
                  },
                  "preselect_size": {
                    "type": "checkbox",
                    "value": true
                  },
                  "size_selection_style": {
                    "type": "radio",
                    "value": "dropdown",
                    "options": [
                      {
                        "value": "dropdown",
                        "text": "Dropdown style"
                      },
                      {
                        "value": "block",
                        "text": "Block style"
                      }
                    ]
                  }
                }
              },
              {
                "type": "pincode",
                "name": "Pincode",
                "props": {
                  "show_logo": {
                    "type": "checkbox",
                    "value": true
                  }
                }
              },
              {
                "type": "product_variants",
                "name": "Product Variants",
                "props": {}
              },
              {
                "type": "add_to_compare",
                "name": "Add to Compare",
                "props": {}
              },
              {
                "type": "prod_meta",
                "name": "Prod Meta",
                "props": {
                  "return": {
                    "type": "checkbox",
                    "label": "Return",
                    "value": true
                  },
                  "item_code": {
                    "type": "checkbox",
                    "label": "Show Item code",
                    "value": true
                  }
                }
              }
            ],
            "label": "Product Description",
            "name": "product-description",
            "predicate": {
              "route": {
                "exact_url": "",
                "query": null,
                "selected": "none"
              },
              "screen": {
                "desktop": true,
                "mobile": true,
                "tablet": true
              },
              "user": {
                "anonymous": true,
                "authenticated": true
              }
            },
            "preset": {},
            "props": {
              "product_details_bullets": {
                "type": "checkbox",
                "value": true
              },
              "enable_buy_now": {
                "type": "checkbox",
                "value": true
              },
              "icon_color": {
                "type": "color",
                "value": "#D6D6D6"
              },
              "mandatory_pincode": {
                "type": "checkbox",
                "value": true
              },
              "variant_position": {
                "type": "radio",
                "value": "accordion"
              },
              "show_products_breadcrumb": {
                "type": "checkbox",
                "value": true
              },
              "show_category_breadcrumb": {
                "type": "checkbox",
                "value": true
              },
              "show_brand_breadcrumb": {
                "type": "checkbox",
                "value": true
              },
              "first_accordian_open": {
                "type": "checkbox",
                "value": true
              }
            }
          }
        ],
        "value": "product-description"
      },
      {
        "sections": [
          {
            "blocks": [
              {
                "type": "coupon",
                "name": "Coupon",
                "props": {}
              },
              {
                "type": "comment",
                "name": "Comment",
                "props": {}
              },
              {
                "type": "gst_card",
                "name": "GST Card",
                "props": {}
              },
              {
                "type": "price_breakup",
                "name": "Price Breakup",
                "props": {}
              },
              {
                "type": "checkout_buttons",
                "name": "Log-In/Checkout Buttons",
                "props": {}
              },
              {
                "type": "share_cart",
                "name": "Share Cart",
                "props": {}
              }
            ],
            "label": "Cart Landing",
            "name": "cart-landing",
            "predicate": {
              "route": {
                "exact_url": "",
                "query": null,
                "selected": "none"
              },
              "screen": {
                "desktop": true,
                "mobile": true,
                "tablet": true
              },
              "user": {
                "anonymous": true,
                "authenticated": true
              }
            },
            "preset": {},
            "props": {}
          }
        ],
        "value": "cart-landing"
      },
      {
        "sections": [
          {
            "blocks": [
              {
                "type": "order_header",
                "name": "Order Header",
                "props": {}
              },
              {
                "type": "shipment_items",
                "name": "Shipment Items",
                "props": {}
              },
              {
                "type": "shipment_medias",
                "name": "Shipment Medias",
                "props": {}
              },
              {
                "type": "shipment_tracking",
                "name": "Shipment Tracking",
                "props": {}
              },
              {
                "type": "shipment_address",
                "name": "Shipment Address",
                "props": {}
              },
              {
                "type": "payment_details_card",
                "name": "Payment Details Card",
                "props": {}
              },
              {
                "type": "shipment_breakup",
                "name": "Shipment Breakup",
                "props": {}
              }
            ],
            "label": "Order Details",
            "name": "order-details",
            "predicate": {
              "route": {
                "exact_url": "",
                "query": null,
                "selected": "none"
              },
              "screen": {
                "desktop": true,
                "mobile": true,
                "tablet": true
              },
              "user": {
                "anonymous": true,
                "authenticated": true
              }
            },
            "preset": {},
            "props": {}
          }
        ],
        "value": "shipment-details"
      },
      {
        "sections": [
          {
            "blocks": [],
            "label": "Login",
            "name": "login",
            "predicate": {
              "route": {
                "exact_url": "",
                "query": null,
                "selected": "none"
              },
              "screen": {
                "desktop": true,
                "mobile": true,
                "tablet": true
              },
              "user": {
                "anonymous": true,
                "authenticated": true
              }
            },
            "preset": {},
            "props": {
              "image_layout": {
                "value": "no_banner",
                "type": "select"
              },
              "image_banner": {
                "value": "",
                "type": "image_picker"
              }
            }
          }
        ],
        "value": "login"
      },
      {
        "sections": [
          {
            "blocks": [],
            "label": "Register",
            "name": "register",
            "predicate": {
              "route": {
                "exact_url": "",
                "query": null,
                "selected": "none"
              },
              "screen": {
                "desktop": true,
                "mobile": true,
                "tablet": true
              },
              "user": {
                "anonymous": true,
                "authenticated": true
              }
            },
            "preset": {},
            "props": {
              "image_layout": {
                "value": "no_banner",
                "type": "select"
              },
              "image_banner": {
                "value": "",
                "type": "image_picker"
              }
            }
          }
        ],
        "value": "register"
      },
      {
        "sections": [
          {
            "blocks": [],
            "label": "Contact Us",
            "name": "contact-us",
            "predicate": {
              "route": {
                "exact_url": "",
                "query": null,
                "selected": "none"
              },
              "screen": {
                "desktop": true,
                "mobile": true,
                "tablet": true
              },
              "user": {
                "anonymous": true,
                "authenticated": true
              }
            },
            "preset": {},
            "props": {
              "align_image": {
                "value": "right",
                "type": "select"
              },
              "image_desktop": {
                "value": "",
                "type": "image_picker"
              },
              "opacity": {
                "value": 20,
                "type": "range"
              },
              "show_address": {
                "value": true,
                "type": "checkbox"
              },
              "show_phone": {
                "value": true,
                "type": "checkbox"
              },
              "show_email": {
                "value": true,
                "type": "checkbox"
              },
              "show_icons": {
                "value": true,
                "type": "checkbox"
              },
              "show_working_hours": {
                "value": true,
                "type": "checkbox"
              }
            }
          }
        ],
        "value": "contact-us"
      },
      {
        "sections": [
          {
            "blocks": [],
            "label": "Product Listing",
            "name": "product-listing",
            "predicate": {
              "route": {
                "exact_url": "",
                "query": null,
                "selected": "none"
              },
              "screen": {
                "desktop": true,
                "mobile": true,
                "tablet": true
              },
              "user": {
                "anonymous": true,
                "authenticated": true
              }
            },
            "preset": {},
            "props": {
              "desktop_banner": {
                "type": "image_picker",
                "value": ""
              },
              "mobile_banner": {
                "type": "image_picker",
                "value": ""
              },
              "banner_link": {
                "type": "url",
                "value": ""
              },
              "product_number": {
                "type": "checkbox",
                "value": true
              },
              "loading_options": {
                "type": "select",
                "value": "infinite"
              },
              "back_top": {
                "type": "checkbox",
                "value": true
              },
              "in_new_tab": {
                "type": "checkbox",
                "value": true
              },
              "hide_brand": {
                "type": "checkbox",
                "value": false
              },
              "grid_desktop": {
                "type": "select",
                "value": "4"
              },
              "grid_tablet": {
                "type": "select",
                "value": "2"
              },
              "grid_mob": {
                "type": "select",
                "value": "1"
              },
              "description": {
                "type": "textarea",
                "value": ""
              },
              "show_add_to_cart": {
                "type": "checkbox",
                "value": true
              },
              "show_size_guide": {
                "type": "checkbox",
                "value": false
              },
              "tax_label": {
                "type": "text",
                "value": "Tax inclusive of all GST"
              },
              "mandatory_pincode": {
                "type": "checkbox",
                "value": false
              },
              "hide_single_size": {
                "type": "checkbox",
                "value": false
              },
              "preselect_size": {
                "type": "checkbox",
                "value": false
              },
              "size_selection_style": {
                "type": "radio",
                "value": "block"
              }
            }
          }
        ],
        "value": "product-listing"
      },
      {
        "sections": [
          {
            "blocks": [],
            "label": "Collection Product Grid",
            "name": "collection-listing",
            "predicate": {
              "route": {
                "exact_url": "",
                "query": null,
                "selected": "none"
              },
              "screen": {
                "desktop": true,
                "mobile": true,
                "tablet": true
              },
              "user": {
                "anonymous": true,
                "authenticated": true
              }
            },
            "preset": {},
            "props": {
              "collection": {
                "type": "collection",
                "value": ""
              },
              "desktop_banner": {
                "type": "image_picker",
                "value": ""
              },
              "mobile_banner": {
                "type": "image_picker",
                "value": ""
              },
              "button_link": {
                "type": "url",
                "value": ""
              },
              "product_number": {
                "type": "checkbox",
                "value": true
              },
              "loading_options": {
                "type": "select",
                "value": "pagination"
              },
              "back_top": {
                "type": "checkbox",
                "value": true
              },
              "in_new_tab": {
                "type": "checkbox",
                "value": true
              },
              "hide_brand": {
                "type": "checkbox",
                "value": false
              },
              "grid_desktop": {
                "type": "select",
                "value": "4"
              },
              "grid_tablet": {
                "type": "select",
                "value": "3"
              },
              "grid_mob": {
                "type": "select",
                "value": "1"
              },
              "show_add_to_cart": {
                "type": "checkbox",
                "value": true
              },
              "show_size_guide": {
                "type": "checkbox",
                "value": true
              },
              "tax_label": {
                "type": "text",
                "value": "Price inclusive of all tax"
              },
              "mandatory_pincode": {
                "type": "checkbox",
                "value": true
              },
              "hide_single_size": {
                "type": "checkbox",
                "value": false
              },
              "preselect_size": {
                "type": "checkbox",
                "value": true
              },
              "size_selection_style": {
                "type": "radio",
                "value": "dropdown"
              }
            }
          }
        ],
        "value": "collection-listing"
      },
      {
        "sections": [
          {
            "blocks": [],
            "label": "Categories",
            "name": "categories",
            "predicate": {
              "route": {
                "exact_url": "",
                "query": null,
                "selected": "none"
              },
              "screen": {
                "desktop": true,
                "mobile": true,
                "tablet": true
              },
              "user": {
                "anonymous": true,
                "authenticated": true
              }
            },
            "preset": {},
            "props": {
              "heading": {
                "type": "text",
                "value": ""
              },
              "description": {
                "type": "textarea",
                "value": ""
              },
              "back_top": {
                "type": "checkbox",
                "value": true
              },
              "show_category_name": {
                "type": "checkbox",
                "value": true
              },
              "category_name_placement": {
                "type": "select",
                "value": "inside"
              },
              "category_name_position": {
                "type": "select",
                "value": "bottom"
              },
              "category_name_text_alignment": {
                "type": "select",
                "value": "text-center"
              }
            }
          }
        ],
        "value": "categories"
      },
      {
        "sections": [
          {
            "blocks": [],
            "label": "All Collections",
            "name": "collections",
            "predicate": {
              "route": {
                "exact_url": "",
                "query": null,
                "selected": "none"
              },
              "screen": {
                "desktop": true,
                "mobile": true,
                "tablet": true
              },
              "user": {
                "anonymous": true,
                "authenticated": true
              }
            },
            "preset": {},
            "props": {
              "back_top": {
                "type": "checkbox",
                "value": true
              },
              "title": {
                "type": "text",
                "value": ""
              },
              "description": {
                "type": "textarea",
                "value": ""
              }
            }
          }
        ],
        "value": "collections"
      },
      {
        "sections": [
          {
            "blocks": [],
            "label": "Blog",
            "name": "blog",
            "predicate": {
              "route": {
                "exact_url": "",
                "query": null,
                "selected": "none"
              },
              "screen": {
                "desktop": true,
                "mobile": true,
                "tablet": true
              },
              "user": {
                "anonymous": true,
                "authenticated": true
              }
            },
            "preset": {},
            "props": {
              "show_blog_slide_show": {
                "value": true,
                "type": "checkbox"
              },
              "autoplay": {
                "value": true,
                "type": "checkbox"
              },
              "show_tags": {
                "value": true,
                "type": "checkbox"
              },
              "show_search": {
                "value": true,
                "type": "checkbox"
              },
              "show_recent_blog": {
                "value": true,
                "type": "checkbox"
              },
              "show_top_blog": {
                "value": true,
                "type": "checkbox"
              },
              "show_filters": {
                "value": true,
                "type": "checkbox"
              },
              "filter_tags": {
                "value": "",
                "type": "tags-list"
              },
              "slide_interval": {
                "value": "3",
                "type": "range"
              },
              "btn_text": {
                "value": "Read More",
                "type": "text"
              },
              "recent_blogs": {
                "value": "",
                "type": "blog-list"
              },
              "top_blogs": {
                "value": "",
                "type": "blog-list"
              },
              "loading_options": {
                "value": "pagination",
                "type": "select"
              },
              "title": {
                "value": "The Unparalleled Shopping Experience",
                "type": "text"
              },
              "description": {
                "value": "Everything you need for that ultimate stylish wardrobe, Fynd has got it!",
                "type": "textarea"
              },
              "button_text": {
                "value": "Shop Now",
                "type": "text"
              },
              "fallback_image": {
                "value": "",
                "type": "image_picker"
              }
            }
          }
        ],
        "value": "blog"
      },
      {
        "sections": [
          {
            "blocks": [],
            "label": "Brands Landing",
            "name": "brands-landing",
            "predicate": {
              "route": {
                "exact_url": "",
                "query": null,
                "selected": "none"
              },
              "screen": {
                "desktop": true,
                "mobile": true,
                "tablet": true
              },
              "user": {
                "anonymous": true,
                "authenticated": true
              }
            },
            "preset": {},
            "props": {
              "infinite_scroll": {
                "value": true,
                "type": "checkbox"
              },
              "back_top": {
                "value": true,
                "type": "checkbox"
              },
              "logo_only": {
                "value": false,
                "type": "checkbox"
              },
              "img_fill": {
                "value": false,
                "type": "checkbox"
              },
              "title": {
                "value": "",
                "type": "text"
              },
              "description": {
                "value": "",
                "type": "textarea"
              }
            }
          }
        ],
        "value": "brands"
      }
    ]
  }
}
